Date,Upper West Side,Upper East Side,East Brooklyn,Washington Heights,Astoria-Long Island City,Williamsburg,Bedford-Stuyvesant,Flatbush,Jamaica,Harlem,Williams Bridge,East Harlem,Corona,Sunset Park,Borough Park,Bensonhurst,Soundview,Lower East Side,Canarsie,South Bronx,Flushing,Gravesend-Sheepshead Bay,Forest Hills,East Village,Ridgewood,Jackson Heights,Mapleton-Flatlands,Queens Village,Park Slope,Gramercy,Brownsville,Woodhaven-Richmond Hill,Bay Ridge,Bayside,Maspeth,Hamilton Heights,Chelsea,Woodside,Sunny Side,Greenwich Village,Coney Island,Morningside Heights,Parkchester,Dyker Heights,Wakefield-Williamsbridge,Morris Park,Saintalbans,Throggs Neck,Whitestone,Fort Green,Greenwood,Kings Bridge,Glendale,Middle Village,Clinton,Financial District,Auburndale,Laurelton,Rosedale,Howard Beach,College Point,Ettingville,Douglastown-Little Neck,Great Kills,West Village,Nkew Gardens,North Sutton Area,Midtown,Port Richmond,Baychester,Spuyten Duyvil,The Rockaways,Battery Park,Ardon Heights,Mariners Harbor,Riverdale,Oakwood,Carroll Gardens,Boerum Hill,Rosebank,Rossville,Murray Hill,Tottensville,Huguenot,Downtown,Richmondtown,Eastchester,Prince's Bay,Midland Beach,Little Italy,South Beach,Springfield Gardens,Country Club,Cobble Hill,Woodlawn-Nordwood,Annandale,Clearview,New Brighton,Woodrow,Westerleigh-Castleton,Garment District,Todt Hill,City Island,Utopia,Bloomfield-Chelsea-Travis
2011-12,3146,2985,1560,1918,1719,2152,1667,1597,1624,2342,1533,2524,1653,1658,1648,1593,1523,3109,1554,1562,1703,1596,1657,3233,1635,1643,1526,1642,2152,3101,1534,1624,1661,1770,1675,2320,3387,1687,1671,3408,1676,2613,1499,1645,1525,1532,1628,1572,1745,2160,1811,1523,1625,1696,3197,3244,1768,1627,1619,1622,1686,1821,1743,1825,3441,1634,3202,3304,1814,1547,1626,1614,3273,1810,1811,1652,1809,2084,2203,1796,1799,3022,1925,1874,2298,1831,1552,1981,1833,3555,1797,1618,1584,2101,1512,1903,1757,1836,1827,1807,3083,3105,1614,1792,1797
2012-01,3107.298353,2980.815375,1562.612537,1906.208028,1712.001881,2175.108847,1667.185078,1590.498548,1612.408985,2342.424912,1514.807947,2509.740978,1666.189149,1658.221717,1645.274641,1592.490406,1500.864942,3091.36349,1542.693958,1529.746882,1701.046663,1585.518903,1645.274641,3177.01338,1639.299067,1636.31128,1515.803876,1641.290925,2177.100705,3063.477479,1529.746882,1624.360133,1677.144368,1768.769832,1688.099586,2333.461552,3326.402724,1690.091444,1669.176936,3343.333516,1673.160652,2635.228026,1497.877155,1647.266499,1518.791663,1505.844587,1617.38863,1554.645106,1743.871608,2186.064066,1823.545925,1505.844587,1632.327564,1704.034449,3175.021522,3239.756905,1762.794258,1618.384559,1616.392701,1628.343849,1690.091444,1801.635487,1739.887892,1802.631416,3359.26838,1628.343849,3159.086659,3249.716194,1814.582564,1516.799805,1624.360133,1613.404914,3272.62256,1792.672127,1812.590706,1643.282783,1798.647701,2096.430459,2213.950077,1796.655843,1788.688411,3006.709528,1894.256881,1844.460433,2313.542973,1812.590706,1541.698029,1945.049258,1813.586635,3522.600729,1787.692482,1610.417127,1560.620679,2103.401962,1505.844587,1885.29352,1752.834968,1815.578493,1805.619203,1802.631416,3066.465266,3024.63625,1594.482264,1782.712837,1797.651772
2012-02,3119.152998,2990.180386,1559.576499,1898.873676,1728.23299,2196.502779,1659.778297,1592.3157,1594.299894,2332.420069,1504.019066,2484.210912,1681.604431,1652.833618,1641.920551,1595.291991,1489.137611,3105.263639,1536.758268,1507.987454,1706.406856,1589.339409,1643.904745,3149.908005,1633.983774,1644.896842,1509.971648,1640.928454,2195.510682,3061.611371,1525.8452,1619.102319,1688.54911,1775.853647,1696.485886,2341.348942,3287.809489,1703.430565,1678.62814,3312.611914,1671.683461,2657.827888,1502.034872,1640.928454,1517.908424,1493.105999,1598.268282,1540.726656,1741.130252,2204.439555,1843.316243,1492.113902,1629.023289,1707.398953,3167.765751,3258.046579,1767.916871,1595.291991,1600.252476,1622.07861,1694.501692,1787.758811,1748.074931,1790.735102,3313.604011,1622.07861,3153.876393,3245.149318,1810.577042,1503.026969,1624.062804,1605.212961,3286.817392,1776.845744,1814.54543,1635.967969,1797.679781,2090.348399,2231.226174,1802.640266,1781.806229,3024.903782,1886.968512,1831.411079,2335.39636,1803.632363,1527.829394,1931.612877,1805.616557,3502.102443,1786.766714,1596.284088,1542.71085,2104.237757,1505.011163,1886.968512,1752.043319,1802.640266,1796.687684,1795.695587,3071.532341,3013.990715,1575.450051,1795.695587,1788.750908
2012-03,3128.888819,2983.978089,1557.543899,1901.583659,1764.559227,2230.836609,1657.108414,1584.160155,1577.259644,2310.685379,1494.453513,2440.809299,1699.497267,1653.165265,1632.463732,1595.989602,1481.638278,3105.229925,1520.083982,1497.410875,1714.284076,1587.117517,1656.122626,3143.675628,1621.620072,1665.980499,1498.396662,1641.335817,2207.177715,3052.983199,1522.055557,1604.861688,1682.738883,1784.274973,1712.312501,2329.415337,3314.216827,1729.070885,1705.41199,3331.960998,1659.079988,2662.611437,1510.226109,1632.463732,1512.197684,1482.624066,1578.245431,1527.97028,1735.971396,2222.950311,1848.351146,1479.666704,1620.634284,1715.269863,3153.533501,3249.154867,1776.388674,1572.330708,1580.217006,1606.833263,1697.525692,1783.289185,1757.658716,1787.232334,3322.103126,1613.733773,3136.775117,3252.112229,1803.990718,1497.410875,1623.591646,1592.046453,3266.899038,1771.459738,1808.919654,1624.577434,1800.047569,2101.698476,2250.552355,1794.132845,1778.360249,3011.580133,1875.953189,1822.720676,2365.889466,1803.990718,1507.268747,1922.285191,1807.933867,3516.303219,1790.189696,1578.245431,1523.041344,2125.357371,1504.311386,1885.811062,1754.701354,1787.232334,1793.147058,1790.189696,3063.826859,2990.8786,1555.572324,1815.820165,1783.289185
2012-04,3155.631879,2970.643169,1560.596246,1913.845963,1808.559836,2278.903471,1668.834321,1582.243861,1580.275896,2305.470998,1499.589331,2413.709074,1718.033446,1661.946443,1629.475021,1596.019616,1495.653401,3122.176474,1518.284998,1508.445173,1722.953358,1588.147756,1673.754233,3157.599844,1619.635196,1696.385831,1501.557296,1648.170688,2236.592223,3076.913279,1532.060753,1604.875458,1689.497953,1791.832133,1730.825218,2332.038526,3368.172099,1755.424781,1726.889288,3370.140064,1657.026531,2678.400366,1509.429156,1634.394933,1526.156858,1480.893663,1580.275896,1539.932613,1736.729113,2246.432048,1850.871083,1481.877646,1613.731301,1729.841236,3164.487721,3272.725796,1784.944256,1571.420053,1581.259878,1597.987581,1701.305743,1795.768063,1769.200536,1802.655941,3359.316256,1616.683248,3147.760019,3276.661726,1796.752046,1499.589331,1622.587143,1590.115721,3267.805884,1782.976291,1800.687976,1622.587143,1817.415678,2142.129903,2288.743296,1806.591871,1786.912221,3026.730171,1867.598786,1826.271521,2395.997389,1820.367626,1508.445173,1924.669771,1832.175416,3548.240897,1816.431696,1579.291913,1526.156858,2175.585308,1517.301016,1898.102243,1762.312658,1788.880186,1798.720011,1792.816116,3081.833191,2976.547064,1561.580228,1840.047276,1787.896203
2012-05,3171.503447,2971.994554,1581.329113,1941.034803,1832.926535,2326.293356,1693.36859,1577.397903,1588.20873,2304.671703,1509.584535,2425.556402,1733.66349,1664.867319,1628.503629,1604.916371,1509.584535,3157.744213,1521.378164,1524.326572,1731.697885,1587.225927,1689.43738,3177.400262,1622.606815,1725.80107,1506.636128,1652.090888,2261.428396,3089.930846,1539.068608,1604.916371,1705.162219,1796.562845,1750.371131,2338.086985,3420.152463,1774.941192,1748.405526,3423.10087,1649.142481,2668.308602,1519.41256,1652.090888,1541.034213,1482.066067,1588.20873,1557.741854,1745.457119,2264.376803,1855.530991,1488.945684,1612.778791,1745.457119,3158.727016,3295.336554,1789.683228,1583.294718,1597.053952,1598.036754,1706.145022,1802.45966,1776.906797,1811.304882,3407.376031,1617.692803,3167.572238,3296.319356,1781.820809,1497.790906,1625.555222,1593.122742,3278.628912,1789.683228,1780.838006,1628.503629,1835.874943,2176.907386,2312.534122,1820.150104,1790.666031,3024.083083,1854.548189,1815.236092,2427.522007,1840.788955,1511.55014,1917.447544,1853.565386,3592.142888,1847.668572,1587.225927,1539.068608,2206.391459,1532.188991,1900.739903,1768.061575,1786.734821,1794.59724,1790.666031,3093.862055,2901.232779,1576.415101,1865.359016,1791.648833
2012-06,3174.594459,2976.85864,1598.610473,1957.682979,1843.566785,2356.105897,1721.580509,1590.74039,1608.448076,2312.820444,1523.844691,2443.660563,1749.125797,1678.295056,1641.895926,1623.20448,1521.87717,3183.448302,1535.649814,1550.406219,1739.288194,1596.642952,1707.807865,3183.448302,1645.830967,1743.223236,1522.86093,1662.554892,2310.852923,3102.779958,1548.438698,1624.18824,1730.434352,1807.167654,1763.882202,2335.446931,3420.534532,1788.476209,1759.947161,3425.453333,1656.65233,2637.46134,1536.633574,1670.424974,1566.146383,1488.42932,1609.431836,1573.032705,1767.817243,2287.242676,1877.998395,1511.055807,1635.993364,1764.865962,3167.708137,3316.255941,1799.297572,1612.383117,1630.090802,1615.334398,1720.596749,1801.265093,1786.508688,1812.086456,3415.61573,1636.977124,3169.675657,3303.467057,1767.817243,1503.185725,1645.830967,1615.334398,3311.337139,1785.524928,1763.882202,1648.782248,1851.436868,2230.18458,2346.268294,1833.729182,1787.492449,3029.981696,1839.631744,1803.232613,2449.563124,1857.339429,1529.747252,1913.413766,1867.177032,3596.627624,1869.144553,1606.480555,1554.34126,2237.070902,1555.32502,1905.543684,1782.573647,1790.44373,1783.557408,1783.557408,3096.877396,2834.213398,1594.675432,1885.868478,1788.476209
2012-07,3182.463058,3012.994437,1613.893031,1959.727251,1844.449178,2374.53126,1749.862041,1598.128508,1619.804727,2315.414299,1544.923243,2459.26557,1757.744302,1680.892253,1658.230751,1648.377924,1532.114568,3205.12456,1555.761352,1568.570027,1749.862041,1614.878313,1719.318277,3200.198146,1659.216034,1752.817889,1537.040982,1686.803949,2333.149387,3118.419684,1560.687766,1634.583967,1735.0828,1817.846545,1763.655998,2328.222974,3413.019205,1796.170326,1768.582411,3441.592403,1656.260186,2611.984386,1564.628897,1681.877536,1584.33455,1512.408915,1624.73114,1579.408137,1785.332217,2303.590907,1909.477835,1532.114568,1651.333772,1773.508825,3189.360037,3328.284895,1808.979001,1638.525098,1655.274903,1629.657553,1732.126952,1773.508825,1797.155609,1789.273348,3432.724859,1651.333772,3214.977386,3325.329047,1744.935627,1522.261741,1666.113013,1622.760575,3347.990548,1771.538259,1740.994496,1669.068861,1830.65522,2242.503381,2355.810889,1821.787676,1775.47939,3043.5382,1801.09674,1780.405804,2459.26557,1834.596351,1545.908526,1873.022376,1845.434461,3604.164045,1862.184266,1617.834161,1563.643614,2231.665271,1578.422854,1861.198983,1791.243913,1777.449956,1765.626563,1757.744302,3105.611009,2756.82094,1610.937183,1897.654443,1775.47939
2012-08,3190.632097,3042.709025,1608.540959,1928.877679,1816.221034,2364.809912,1753.525163,1599.724352,1615.39832,2294.277056,1553.682071,2449.05749,1741.769687,1682.012684,1662.420224,1652.623994,1535.069234,3198.469081,1566.41717,1574.254154,1738.830818,1623.235304,1707.482882,3207.285688,1647.725879,1737.851195,1538.008103,1685.931176,2341.29896,3142.630571,1554.661694,1630.092665,1724.136473,1811.322919,1739.810441,2292.31781,3394.393681,1779.974983,1749.606671,3429.660108,1653.603617,2631.267367,1569.356039,1677.114569,1590.907745,1521.354513,1623.235304,1576.2134,1778.015737,2316.808385,1937.694286,1543.885841,1645.766633,1752.54554,3201.40795,3307.207234,1796.628574,1641.848141,1654.58324,1623.235304,1724.136473,1736.871572,1790.750836,1753.525163,3416.925009,1647.725879,3248.429854,3336.595924,1718.258735,1534.089611,1672.216454,1615.39832,3350.310646,1753.525163,1720.217981,1675.155323,1786.832344,2245.295906,2355.993305,1800.547066,1758.423278,3075.036584,1750.586294,1749.606671,2452.975982,1789.771213,1555.641317,1800.547066,1801.526689,3552.112983,1835.813494,1611.479828,1552.702448,2236.479299,1593.846614,1800.547066,1780.954606,1756.464032,1740.790064,1723.15685,3116.18075,2686.126255,1612.459451,1874.998414,1749.606671
2012-09,3209.260236,3085.376938,1597.801905,1893.365993,1793.869171,2337.199855,1750.948973,1606.581036,1607.556495,2265.991346,1557.808084,2454.25494,1707.053317,1671.936791,1652.427611,1641.697561,1545.127116,3196.579268,1578.292724,1570.489051,1724.611579,1624.139299,1675.838628,3230.720334,1620.237462,1710.955153,1552.930789,1680.715923,2331.347101,3173.168251,1559.759002,1612.43379,1702.176022,1813.378352,1702.176022,2250.384001,3373.137354,1745.096219,1717.783366,3419.959388,1648.525774,2656.174961,1556.832625,1669.010414,1581.219101,1526.593395,1616.335626,1571.46451,1769.482695,2319.641593,1965.549962,1539.274362,1618.286544,1714.856989,3219.990285,3310.707976,1798.746466,1631.942971,1638.771184,1614.384708,1709.979694,1733.390711,1785.09004,1745.096219,3398.499289,1629.992053,3284.370581,3348.750878,1706.077858,1535.372526,1669.985873,1597.801905,3357.530009,1762.654482,1711.930612,1677.789546,1763.629941,2236.727575,2353.782659,1788.016417,1760.703564,3106.837037,1712.906071,1740.218924,2452.304022,1760.703564,1551.95533,1737.292547,1767.531777,3513.603455,1812.402893,1606.581036,1545.127116,2240.629411,1589.998232,1763.629941,1765.580859,1744.12076,1726.562498,1706.077858,3135.125349,2620.082977,1608.531954,1868.004058,1753.875351
2012-10,3212.756285,3120.963249,1598.565969,1854.414646,1785.081608,2348.53461,1746.020741,1626.885098,1610.284229,2226.469401,1561.458146,2448.13982,1687.429441,1681.570311,1655.204226,1637.626836,1552.669451,3221.54498,1595.636404,1564.387711,1725.513786,1625.908576,1658.133791,3250.84063,1613.213794,1698.171179,1570.246841,1679.617268,2343.652002,3188.343244,1569.270319,1606.378143,1705.983353,1833.907691,1690.359006,2192.291143,3380.718012,1738.208568,1704.030309,3423.684966,1661.063356,2680.551977,1548.763364,1667.899008,1577.082493,1525.326844,1622.979011,1569.270319,1769.457261,2347.558088,1992.104201,1538.021626,1617.119881,1699.147701,3237.169327,3347.516276,1815.35378,1633.720749,1638.603358,1612.237273,1707.936396,1753.832914,1794.846825,1769.457261,3386.577142,1621.025968,3283.065846,3372.905839,1717.701613,1534.115539,1667.899008,1600.519013,3388.530186,1778.245956,1723.560743,1677.664224,1802.658998,2270.412877,2377.83026,1792.893781,1774.33987,3116.08064,1722.584221,1725.513786,2494.036338,1801.682476,1551.692929,1709.889439,1760.668566,3519.384089,1803.63552,1613.213794,1537.045104,2276.272007,1591.730318,1771.410305,1773.363348,1761.645088,1729.419873,1718.678134,3156.118029,2591.688505,1594.659883,1855.391168,1764.574653
2012-11,3193.125391,3104.264715,1612.186551,1837.755959,1812.367194,2344.554759,1749.871774,1643.434261,1624.880933,2195.151645,1569.220949,2424.627017,1686.399862,1673.70548,1636.598824,1614.139532,1567.267967,3223.39661,1623.904442,1570.19744,1744.989319,1624.880933,1660.034607,3234.138011,1622.927951,1703.000208,1596.562695,1695.188281,2354.319669,3159.924699,1586.797786,1617.069005,1700.070736,1874.862615,1698.117754,2153.162534,3346.434469,1749.871774,1715.694591,3395.259016,1673.70548,2655.07888,1540.902712,1630.739878,1559.456039,1540.902712,1643.434261,1567.267967,1790.884393,2380.684924,1999.853456,1537.973239,1634.645842,1705.929681,3231.208538,3367.91727,1865.097705,1652.222679,1649.293206,1621.95146,1714.7181,1800.649303,1823.108595,1816.273158,3364.987797,1624.880933,3240.973447,3362.058324,1740.106864,1542.855693,1665.893553,1612.186551,3404.047435,1788.931412,1742.059846,1658.081625,1867.050687,2308.424594,2400.214743,1811.390703,1782.095975,3080.828932,1735.22441,1724.483009,2536.923476,1861.191742,1550.667621,1707.882663,1780.142993,3509.508457,1815.296667,1630.739878,1541.879202,2304.518631,1588.750768,1807.48474,1796.743339,1792.837375,1739.130373,1743.036337,3138.441898,2555.476804,1585.821295,1882.674542,1767.448611
2012-12,3203.297892,3090.678125,1622.703946,1855.777898,1836.191852,2376.766733,1756.868364,1664.813946,1642.289992,2213.223245,1567.863016,2423.773244,1696.15162,1685.379294,1648.165806,1620.745341,1568.842318,3243.449287,1631.517667,1557.09069,1763.72348,1643.269295,1678.524178,3238.552776,1642.289992,1718.675573,1609.973016,1713.779062,2401.249291,3157.270683,1589.407667,1637.393481,1721.61348,1909.639526,1714.758364,2166.216734,3345.296729,1764.702782,1736.303015,3388.386031,1697.130922,2713.646731,1538.483946,1634.455574,1561.0079,1542.401156,1663.834643,1567.863016,1811.709294,2435.524872,2011.486967,1535.546039,1659.917434,1722.592783,3251.283706,3375.6551,1896.908596,1668.731155,1669.710457,1637.393481,1722.592783,1842.067666,1841.088363,1855.777898,3382.510217,1642.289992,3211.132311,3356.069054,1775.475108,1534.566737,1666.77255,1631.517667,3406.992775,1809.750689,1779.392317,1664.813946,1916.494642,2387.539059,2463.92464,1820.523015,1802.895573,3082.843706,1748.054643,1744.137434,2593.192546,1908.660224,1550.235574,1731.406504,1808.771387,3514.71603,1829.336736,1646.207202,1548.276969,2366.97371,1583.531853,1845.984875,1828.357433,1826.398829,1764.702782,1789.18534,3145.519055,2586.33743,1564.925109,1915.51534,1757.847666
2013-01,3197.30332,3069.645065,1633.246073,1864.20032,1833.016624,2398.221112,1771.623723,1676.123654,1636.169544,2220.863842,1548.465399,2413.81296,1702.434898,1677.098145,1640.067506,1610.832791,1555.286833,3218.742111,1638.118525,1539.694985,1763.827799,1659.557316,1690.741012,3223.614563,1633.246073,1729.720632,1621.552187,1697.562445,2427.455827,3144.680833,1589.394,1633.246073,1722.899198,1911.950355,1719.975727,2165.317884,3319.114632,1761.878818,1743.363499,3354.19629,1707.30735,2762.680558,1529.95008,1625.450149,1542.618456,1537.746004,1649.812411,1565.031738,1830.093153,2455.716052,2012.322876,1522.154156,1657.608335,1734.593084,3239.206411,3327.885046,1909.026883,1654.684863,1660.531806,1634.220563,1727.771651,1872.970735,1837.889077,1875.894206,3379.533043,1644.939958,3172.941057,3298.650331,1792.088023,1527.026608,1657.608335,1625.450149,3346.400366,1829.118662,1797.934966,1664.429768,1931.440165,2427.455827,2494.695672,1840.812548,1815.475795,3081.338951,1755.057385,1767.725761,2614.558003,1921.69526,1532.873551,1767.725761,1849.582963,3456.517792,1852.506434,1638.118525,1551.388871,2408.940508,1559.184795,1875.894206,1842.761529,1851.531944,1781.368628,1824.24621,3140.782871,2625.277398,1552.363361,1931.440165,1746.28697
2013-02,3165.93024,3053.518881,1634.810014,1902.271521,1819.901129,2408.122634,1793.736417,1680.355995,1625.119379,2256.948738,1530.151163,2443.977981,1698.7682,1690.046629,1639.655331,1599.92373,1540.81086,3176.589937,1625.119379,1533.058353,1754.004816,1662.912853,1691.984756,3195.002143,1620.274062,1730.747293,1618.335935,1674.541614,2441.070791,3112.631751,1589.264032,1626.088443,1725.901976,1904.209648,1721.056659,2192.990552,3287.063169,1757.88107,1743.345118,3304.506311,1703.613517,2787.9955,1531.120226,1630.93376,1529.182099,1521.429592,1629.964696,1565.037446,1838.313335,2459.482996,2016.621007,1510.769894,1649.345965,1745.283245,3218.259665,3293.846613,1907.116839,1630.93376,1645.469711,1636.74814,1724.932913,1886.766506,1827.653637,1881.921189,3370.402624,1644.500648,3131.043956,3227.950299,1808.272368,1523.367719,1649.345965,1625.119379,3298.69193,1859.63273,1816.993939,1664.85098,1933.281551,2442.039854,2506.967104,1860.601794,1845.096779,3066.116706,1785.014846,1806.334241,2631.007224,1927.467171,1519.491465,1821.839256,1880.952126,3401.412654,1870.292428,1626.088443,1557.284939,2434.287347,1535.965543,1896.457141,1848.003969,1870.292428,1817.963003,1854.787413,3132.982083,2695.934474,1556.315875,1928.436234,1767.571704
2013-03,3175.09818,3063.81007,1644.160868,1911.252333,1818.350954,2436.72576,1826.092736,1695.450171,1619.967801,2273.180623,1527.066421,2464.789718,1711.901457,1704.159676,1651.90265,1594.80701,1536.743648,3164.453231,1635.451364,1537.711371,1757.384424,1675.127995,1702.22423,3168.324121,1612.226019,1747.707197,1627.709582,1662.547599,2451.2416,3110.260759,1597.710179,1626.74186,1738.02997,1915.123224,1738.997693,2203.504589,3276.709064,1769.964819,1754.481256,3291.224904,1704.159676,2765.751478,1539.646817,1638.354532,1532.872758,1511.582858,1620.935523,1570.613943,1856.09214,2471.563777,2036.088562,1514.486026,1648.999482,1768.029374,3201.226693,3297.031241,1923.832729,1617.064633,1633.515918,1644.160868,1737.062247,1900.607384,1840.608576,1885.123821,3369.610443,1641.2577,3141.227886,3224.452038,1815.447786,1526.098699,1647.064036,1633.515918,3303.8053,1890.930157,1820.2864,1677.06344,1937.380846,2447.37071,2520.917635,1896.736493,1876.414316,3084.132247,1848.350358,1840.608576,2654.463367,1935.445401,1521.260085,1875.446594,1907.381443,3378.319947,1886.091543,1619.000078,1564.807607,2460.918827,1530.937312,1913.187779,1859.96303,1895.76877,1855.124417,1868.672535,3146.066499,2742.526133,1573.517111,1931.57451,1812.544618
2013-04,3202.215157,3107.147878,1654.9467,1938.208386,1831.500217,2450.407599,1848.961554,1712.181082,1633.605066,2303.926385,1540.477937,2496.971164,1723.821973,1731.582567,1686.959151,1612.263432,1549.208605,3173.112929,1651.066403,1558.909348,1765.535167,1687.929225,1718.971602,3161.472037,1620.994101,1755.834424,1643.305809,1665.617517,2466.898862,3132.369809,1611.293358,1645.245957,1758.744647,1938.208386,1751.954127,2229.230666,3313.773697,1778.146132,1769.415464,3323.47444,1702.480339,2759.861291,1558.909348,1659.797071,1545.328308,1516.22608,1633.605066,1575.40061,1870.303188,2495.031016,2068.198338,1532.717342,1659.797071,1783.966578,3211.915899,3316.68392,1947.909129,1627.784621,1644.275883,1669.497814,1747.103756,1917.836827,1864.482742,1886.79445,3406.900827,1654.9467,3198.33486,3275.940801,1848.961554,1541.448011,1665.617517,1655.916774,3341.905851,1928.507644,1851.871776,1710.240933,1936.268238,2479.509827,2550.325249,1906.195935,1917.836827,3117.818695,1922.687198,1895.525118,2682.255349,1940.148535,1536.59764,1935.298163,1909.106158,3415.631495,1880.00393,1631.664918,1570.550239,2490.180644,1540.477937,1937.238312,1866.42289,1911.046307,1902.315638,1893.58497,3161.472037,2765.681736,1593.832021,1938.208386,1860.602445
2013-05,3264.316085,3149.013736,1665.586034,1917.507133,1841.930803,2467.857841,1876.812186,1745.038073,1642.331779,2303.1402,1552.22154,2476.578187,1737.286655,1759.571983,1732.442018,1636.518215,1568.693304,3211.025083,1663.64818,1571.600086,1774.105892,1702.405272,1736.317727,3206.180446,1628.766797,1759.571983,1664.617107,1673.337453,2473.671405,3192.615464,1624.891088,1653.958907,1780.888383,1939.792461,1754.727346,2251.787053,3388.338779,1779.919456,1774.105892,3417.406599,1708.218836,2774.038869,1572.569013,1685.933508,1552.22154,1534.780848,1646.207488,1582.258286,1879.718968,2513.397425,2098.696539,1550.283685,1665.586034,1792.515511,3242.030757,3332.140996,1943.66817,1644.269634,1652.989979,1681.088871,1759.571983,1929.134261,1882.62575,1892.315023,3478.449019,1663.64818,3296.290686,3364.115597,1870.998623,1555.128322,1680.119944,1661.710325,3355.395251,1956.264225,1871.96755,1729.535236,1930.103188,2527.931334,2589.942682,1886.501459,1953.357443,3172.267991,1981.456335,1942.699243,2705.245031,1935.916752,1547.376903,1984.363117,1902.004296,3501.703274,1849.682222,1639.424997,1579.351504,2530.838116,1555.128322,1961.108862,1874.874332,1902.973224,1937.854606,1903.942151,3186.8019,2739.157486,1608.419323,1917.507133,1890.377169
2013-06,3295.798428,3170.152154,1686.559606,1900.158273,1859.564861,2474.265096,1903.057802,1765.81341,1648.865724,2297.393802,1565.745881,2453.96839,1760.014351,1779.344547,1755.181802,1653.698273,1583.143057,3233.941801,1668.19592,1577.343999,1785.143606,1712.655371,1754.215292,3247.472938,1641.133646,1760.014351,1673.028469,1678.827528,2468.466037,3223.310193,1644.999685,1655.631293,1789.009645,1932.053096,1764.8469,2268.398508,3434.00933,1788.043136,1788.043136,3476.535761,1713.621881,2827.041174,1576.377489,1701.057253,1556.080783,1554.147763,1654.664783,1587.975606,1881.794586,2520.657566,2122.455527,1561.879842,1669.16243,1804.473802,3255.205017,3332.525801,1924.321018,1658.530822,1661.430351,1688.492626,1775.478508,1945.584233,1887.593645,1912.7229,3513.263134,1676.894508,3369.253173,3433.04282,1899.191763,1566.712391,1687.526116,1662.396861,3344.123918,1968.780469,1899.191763,1729.086038,1940.751684,2558.351449,2604.743919,1864.39741,1972.646508,3192.381879,2010.34039,1982.311606,2703.327919,1946.550743,1558.013802,2011.3069,1900.158273,3568.354193,1825.737018,1646.932704,1591.841646,2558.351449,1565.745881,1986.177645,1876.962037,1885.660626,1960.08188,1917.555449,3193.348389,2747.78737,1630.502038,1889.526665,1906.923841
2013-07,3320.396645,3154.42506,1713.753107,1931.83205,1886.479349,2509.837743,1938.586707,1785.159486,1661.645749,2302.373262,1568.045495,2440.361265,1778.404829,1809.283263,1767.790367,1661.645749,1594.099174,3222.936586,1674.190113,1573.835201,1800.598704,1716.64796,1766.825416,3248.025314,1651.031287,1766.825416,1675.155064,1700.243792,2488.608819,3225.831439,1662.6107,1663.575651,1813.143068,1923.14749,1775.509976,2298.513458,3440.050578,1804.458508,1809.283263,3488.298132,1742.701639,2850.465472,1572.87025,1718.577862,1562.255788,1560.325886,1673.225162,1596.994027,1878.759741,2546.505884,2155.700699,1561.290837,1675.155064,1812.178116,3273.114042,3331.011107,1913.497979,1678.049917,1671.29526,1689.62933,1793.844046,1959.815631,1889.374202,1937.621756,3520.141517,1688.664379,3363.819443,3448.735138,1920.252637,1569.010446,1671.29526,1664.540602,3314.606938,1978.149701,1918.322735,1697.348939,1961.745533,2602.473046,2639.141187,1883.584496,1982.009505,3196.882907,2011.922989,2008.063184,2722.126979,1954.025924,1560.325886,2013.852891,1928.937196,3566.459169,1852.706062,1657.785945,1610.503342,2611.157606,1573.835201,2002.273478,1884.549447,1892.269056,1969.465141,1937.621756,3202.672614,2821.51694,1651.996238,1867.180328,1930.867099
2013-08,3277.557186,3107.945288,1720.211578,1983.302761,1902.351628,2527.795501,1965.956089,1778.99752,1676.8449,2313.853221,1563.127832,2438.171032,1790.561968,1809.836047,1751.050105,1653.716004,1589.147839,3180.223086,1672.02638,1561.200424,1816.581975,1707.683427,1779.961224,3199.497165,1672.990084,1780.924928,1669.135268,1729.848618,2506.594014,3180.223086,1666.244156,1683.590827,1821.400494,1929.335339,1787.670856,2311.925813,3397.056478,1817.545679,1832.964942,3436.56834,1763.578257,2837.144474,1563.127832,1708.647131,1555.4182,1560.23672,1687.445643,1594.930063,1878.259028,2569.234772,2177.970962,1551.563384,1698.046387,1822.364198,3245.754955,3298.758673,1920.662003,1690.336755,1682.627123,1700.937499,1798.271599,1973.665721,1888.859772,1955.355346,3473.189091,1707.683427,3305.504601,3408.620925,1932.22645,1563.127832,1660.461932,1676.8449,3276.593482,1987.157576,1927.407931,1669.135268,1981.375353,2646.331089,2665.605168,1917.770891,1982.339057,3143.602335,2006.431656,2020.887215,2728.245926,1967.883497,1555.4182,2007.39536,1955.355346,3493.426874,1898.496812,1667.20786,1612.276734,2644.403681,1571.801167,2009.322768,1890.78718,1904.279035,1973.665721,1960.173865,3185.041605,2799.560019,1656.607116,1879.222732,1949.573122
2013-09,3237.066312,3065.127182,1728.03629,2048.861259,1900.935974,2531.059268,2008.518,1775.103426,1688.653584,2328.382416,1545.531067,2431.161673,1782.787856,1798.156717,1735.72072,1637.744232,1567.623805,3148.695363,1660.797523,1540.728298,1816.407239,1681.929707,1777.985087,3172.709208,1682.890261,1783.74841,1655.994754,1767.418995,2520.493176,3156.379793,1655.994754,1704.022445,1841.381638,1924.949819,1781.827302,2317.816324,3405.163228,1815.446686,1838.499977,3440.703718,1775.103426,2795.211563,1556.097159,1700.180229,1547.452175,1543.60996,1702.101337,1580.111004,1871.158806,2584.850281,2181.417684,1531.12276,1709.785767,1819.288901,3251.474619,3276.449018,1923.989265,1702.101337,1690.574691,1714.588536,1783.74841,1993.149139,1877.882683,1965.293079,3473.362548,1723.233521,3262.040711,3366.741076,1930.713142,1550.333836,1665.600292,1690.574691,3245.711297,2009.478554,1922.068158,1667.5214,1993.149139,2687.629538,2699.156183,1939.358126,2003.715231,3116.997087,2018.123538,2057.506244,2737.578335,1972.016955,1543.60996,2029.650183,1970.095848,3502.179162,1942.239787,1672.324169,1595.479865,2669.379015,1561.860482,2036.37406,1889.409328,1900.935974,2004.675785,1981.622493,3183.275299,2828.830947,1644.468109,1908.620404,1970.095848
2013-10,3258.033878,3059.05523,1750.239368,2060.298328,1921.206458,2538.426633,2069.957486,1784.046419,1712.568653,2335.584322,1553.192551,2448.596466,1808.194314,1794.671493,1730.921052,1630.465813,1566.715372,3202.976679,1650.750044,1552.226636,1835.239955,1674.897938,1800.466987,3232.920068,1714.500484,1816.887555,1656.545538,1813.023892,2537.460717,3206.840342,1652.681875,1745.409789,1853.592355,1943.422521,1794.671493,2322.061501,3465.705768,1828.478545,1861.319681,3516.899303,1787.910083,2808.883047,1571.544951,1691.318506,1561.885793,1554.158467,1723.193726,1586.999603,1890.297154,2605.07482,2203.253862,1530.010573,1741.546126,1828.478545,3292.806846,3303.431919,1948.2521,1720.295979,1707.739074,1754.103031,1799.501072,2024.559445,1893.194901,1989.786478,3526.558461,1756.034862,3324.682066,3404.853074,1902.854059,1558.988046,1693.250337,1725.125558,3278.318109,2037.11635,1896.092648,1688.420759,2014.900287,2709.393723,2720.984712,1945.354352,2026.491277,3151.783144,2070.923402,2111.491864,2761.553174,1997.513804,1557.056214,2086.378054,1992.684225,3586.445238,1974.331825,1684.557096,1594.726929,2676.552587,1570.579035,2088.309886,1911.547301,1874.842501,2051.605087,1982.059151,3233.885984,2870.701656,1638.193139,1964.672668,1987.854646
2013-11,3283.077824,3055.394495,1769.369594,2073.268952,1946.885409,2522.847049,2113.788866,1801.20667,1727.88492,2328.930316,1565.805262,2468.820497,1835.938025,1781.911472,1723.06112,1620.796575,1568.699542,3254.135028,1643.950811,1574.488101,1856.197982,1669.034568,1819.537107,3280.183544,1721.131601,1852.338942,1643.950811,1852.338942,2522.847049,3246.416949,1652.63365,1763.581035,1843.656104,1971.969166,1801.20667,2311.564639,3500.148793,1847.515143,1886.105538,3565.752464,1791.559071,2801.662651,1577.382381,1677.717407,1569.664302,1564.840502,1744.285838,1589.924259,1916.977853,2583.626921,2213.159132,1534.932947,1744.285838,1828.219946,3314.914899,3324.562498,1986.440564,1734.638239,1716.307801,1782.876232,1815.678068,2020.207159,1922.766413,1987.405324,3564.787704,1773.228633,3366.047172,3440.333682,1850.409423,1571.593822,1702.801163,1742.356318,3300.443501,2030.819518,1857.162742,1688.329765,2007.665281,2658.87819,2684.926707,1918.907373,2020.207159,3189.496117,2090.634629,2121.506945,2752.459897,1996.088163,1565.805262,2101.246988,1990.299603,3653.545612,1975.828205,1691.224045,1591.853779,2627.041115,1581.24142,2096.423189,1941.09685,1826.290426,2058.797554,1939.16733,3256.064547,2961.812788,1633.338453,2025.030958,1988.370084
2013-12,3338.310633,3068.080227,1762.288296,2011.286314,1989.088816,2536.30539,2135.785323,1834.671441,1744.916341,2319.155956,1576.987446,2506.387024,1881.961762,1799.927531,1744.916341,1638.754396,1569.266577,3298.741181,1645.510156,1582.778097,1883.891979,1693.765586,1852.043396,3324.799113,1742.986124,1888.717522,1646.475265,1878.101328,2505.421915,3294.880747,1659.986785,1775.799817,1830.811007,2008.390988,1822.125029,2256.423897,3529.402135,1874.240893,1912.845237,3601.78528,1824.055246,2816.186883,1571.196794,1691.835369,1582.778097,1568.301468,1761.323188,1593.394292,1951.449581,2562.363322,2225.540422,1539.348211,1761.323188,1843.357418,3336.380416,3334.450199,2024.797834,1746.846559,1729.474604,1808.613509,1858.799156,1985.228382,1959.17045,1960.135558,3576.692457,1790.276445,3401.042692,3513.960398,1807.6484,1572.161903,1685.079609,1763.253405,3310.322484,1998.739902,1819.229703,1672.533197,1977.507513,2603.862992,2638.606901,1876.171111,1978.472622,3245.660208,2069.19283,2075.94859,2743.803738,1973.647079,1573.127011,2059.541744,1972.68197,3684.784619,1944.693821,1703.416672,1592.429183,2592.281689,1589.533858,2057.611527,1971.716862,1790.276445,2018.042074,1895.473282,3274.613466,2958.057847,1619.452224,2063.402178,1966.891319
2014-01,3354.491783,3072.32039,1743.723559,1969.460674,2012.503767,2530.93392,2132.067917,1849.896524,1748.506125,2309.979372,1569.638157,2515.629709,1895.809157,1801.114351,1776.245008,1661.463424,1551.464406,3284.66632,1646.159213,1567.725131,1889.113565,1710.245597,1863.287709,3321.970335,1741.810533,1893.896131,1645.2027,1903.461263,2483.108261,3282.753294,1651.898292,1766.679876,1832.679286,2022.068899,1829.809747,2221.980158,3539.09883,1888.157052,1923.54804,3592.66357,1835.548826,2824.583472,1543.812301,1723.636782,1576.333749,1552.420919,1771.462442,1577.290263,1957.982515,2533.80346,2226.762724,1533.290655,1763.810336,1846.070471,3320.057308,3313.361716,2037.373111,1752.332178,1735.11494,1802.070864,1872.852841,1930.243632,1976.156266,1914.939421,3571.620279,1793.462245,3395.621851,3537.185804,1771.462442,1564.855591,1649.985266,1756.15823,3286.579346,1942.678304,1778.158034,1649.028752,1936.939225,2550.064184,2586.411686,1820.244615,1908.243829,3250.231845,2005.808175,1995.28653,2692.584651,1938.852251,1568.681644,1984.764885,1934.069685,3696.923508,1895.809157,1711.20211,1573.46421,2554.84675,1579.203289,1988.590937,1975.199753,1754.245204,1939.808764,1843.200931,3246.405792,2889.626369,1604.072632,2076.590152,1933.113172
2014-02,3387.847756,3105.047788,1757.19438,1923.039785,2045.746212,2566.289882,2150.238403,1874.148943,1772.532683,2318.001096,1580.803891,2539.447851,1919.205209,1835.803184,1828.134033,1710.220825,1554.920504,3306.36302,1668.999135,1564.506944,1903.866906,1745.690652,1882.776738,3344.708778,1768.698107,1906.742837,1680.502863,1938.378088,2507.812601,3300.611156,1668.040491,1780.201835,1870.314367,2031.366552,1861.686571,2214.467549,3557.527737,1918.246565,1962.344187,3619.839595,1862.645215,2863.46951,1538.623557,1777.325903,1585.597111,1564.506944,1796.498782,1586.555755,1968.096051,2551.910223,2253.771951,1536.706269,1782.119123,1868.397079,3340.874202,3345.667422,2044.787568,1778.284547,1760.070311,1811.837085,1903.866906,1919.205209,1994.938082,1910.577413,3589.162988,1811.837085,3432.904022,3573.824685,1771.574039,1576.010671,1645.033036,1765.822175,3337.039626,1919.205209,1771.574039,1655.57812,1937.419444,2569.165814,2600.801065,1807.043866,1861.686571,3277.603701,1962.344187,1970.013339,2684.203089,1941.25402,1581.762535,1950.84046,1923.998429,3761.718901,1882.776738,1736.104212,1575.052027,2591.214625,1583.679823,1981.517066,1983.434354,1754.318448,1915.370633,1849.2242,3255.55489,2896.063405,1616.273717,2085.050614,1923.039785
2014-03,3378.307038,3108.00427,1760.310962,1930.324717,2050.671533,2557.847398,2147.140012,1876.837243,1785.144431,2344.852637,1574.059937,2560.712799,1912.177181,1847.228106,1850.093507,1730.701824,1549.226468,3306.672029,1679.124618,1555.912402,1898.805313,1768.907163,1881.612911,3332.460632,1780.368764,1894.984779,1707.778621,1946.561986,2512.000992,3301.896362,1673.393817,1785.144431,1900.71558,2012.466194,1862.510242,2256.025226,3524.442457,1926.504183,1986.677591,3580.795331,1852.958907,2890.233841,1532.989199,1811.888168,1578.835605,1560.688069,1806.157368,1591.25234,1952.292787,2550.206331,2251.249559,1519.61733,1785.144431,1855.824307,3324.819564,3358.249235,2025.838063,1787.054698,1769.862296,1808.067634,1899.760446,1925.54905,1983.812191,1916.952849,3576.019664,1821.439503,3421.288044,3539.724592,1774.637963,1574.059937,1649.515481,1755.535294,3360.159502,1912.177181,1782.279031,1665.752749,1941.786318,2582.680868,2599.87327,1808.067634,1837.676772,3270.376957,1910.266914,1977.126256,2654.315878,1945.606852,1578.835605,1935.100384,1916.952849,3741.257752,1886.388578,1749.804494,1572.149671,2613.245139,1568.329137,2001.004593,1969.485189,1743.118559,1906.446381,1863.465375,3235.992153,2939.900781,1623.726877,2060.222867,1931.27985
2014-04,3350.42774,3110.702152,1770.722072,1956.963067,2057.24668,2565.350316,2158.485374,1887.242079,1787.913549,2370.513583,1561.559109,2594.002777,1922.580114,1868.140439,1855.724373,1743.024694,1552.963371,3310.314295,1700.046003,1551.053207,1909.208966,1790.778795,1891.062407,3329.415936,1804.149943,1899.658146,1743.024694,1942.636837,2526.191953,3308.404131,1689.5401,1790.778795,1913.984376,2001.851922,1889.152243,2290.286693,3501.3307,1947.412247,2034.324711,3569.141524,1851.904044,2873.84181,1539.592223,1825.161748,1565.379437,1568.244683,1807.970271,1608.358128,1945.502083,2557.70966,2243.487674,1511.894844,1795.554205,1869.095521,3320.820197,3378.125119,2013.312907,1790.778795,1775.497483,1814.655846,1910.164048,1948.367329,1982.750282,1939.771591,3575.827098,1835.66765,3396.271677,3514.701848,1791.733877,1567.289601,1667.573214,1758.306006,3387.675939,1925.44536,1812.745681,1682.854526,1956.007985,2608.329007,2624.565402,1834.712568,1833.757486,3268.290686,1881.511587,2004.717168,2657.993273,1962.693559,1566.334519,1943.591919,1919.714868,3726.730058,1899.658146,1756.395842,1586.391242,2653.217863,1555.828617,2042.920449,1960.783395,1758.306006,1929.265688,1891.062407,3234.862815,3004.688047,1638.920753,2044.830613,1948.367329
2014-05,3331.672064,3077.875647,1782.278208,1957.17911,2075.047109,2553.172943,2162.49756,1871.629756,1779.426563,2355.45888,1537.987275,2586.442136,1929.613207,1872.580304,1833.607821,1729.047499,1541.789469,3303.155613,1707.184887,1541.789469,1918.206626,1784.179305,1899.195659,3320.265484,1823.151789,1904.898949,1746.15737,1924.860465,2527.508137,3296.501774,1705.28379,1790.833144,1903.948401,1994.250497,1908.701143,2253.750204,3519.880643,1968.58569,2065.541625,3561.704772,1841.212208,2842.13965,1545.591662,1807.943015,1548.443307,1556.047695,1800.338628,1602.624565,1935.316497,2543.667459,2235.689785,1498.064243,1805.09137,1879.234143,3312.661097,3348.781935,2006.607626,1785.129854,1768.970531,1806.041918,1911.552788,1961.931852,1979.992271,1942.920884,3609.232191,1848.816595,3358.287419,3486.61145,1803.190273,1548.443307,1678.668435,1751.86066,3363.990709,1936.267046,1837.410014,1691.025564,1952.426368,2608.304749,2618.760781,1856.420982,1828.855079,3244.221614,1862.124272,2019.915303,2638.722297,1961.931852,1546.542211,1943.871433,1912.503336,3681.473867,1906.800046,1753.761757,1580.761952,2654.881619,1539.888372,2060.788883,1948.624175,1763.267241,1925.811013,1897.294562,3218.556807,3009.436164,1637.794855,2030.371335,1952.426368
2014-06,3329.128479,3080.203918,1808.028395,1953.392738,2101.607362,2564.303015,2189.015986,1871.684676,1773.82502,2344.83136,1523.950365,2561.452734,1938.191238,1882.135707,1832.730832,1728.22052,1538.201772,3316.77726,1716.819395,1535.35149,1932.490675,1779.525583,1917.289175,3333.878948,1835.581113,1917.289175,1747.222395,1928.6903,2543.400953,3291.124729,1718.719583,1787.126333,1903.987863,2001.847519,1940.091425,2241.271142,3560.001259,1994.246769,2092.106424,3587.553977,1843.181863,2828.429076,1571.455053,1807.078301,1549.602896,1560.053928,1794.727082,1609.458802,1936.29105,2559.552546,2248.871892,1500.198022,1811.82877,1906.838144,3310.126604,3346.230166,2012.29855,1784.276051,1765.274176,1801.377739,1919.189363,1971.444519,1993.296675,1940.091425,3657.860914,1862.183738,3362.38176,3494.444791,1815.629145,1541.052053,1683.566114,1755.773239,3382.333729,1948.642269,1850.782613,1698.767614,1942.941707,2615.608077,2642.210702,1879.285426,1821.329707,3240.769761,1865.03402,2015.148831,2658.362296,1951.49255,1538.201772,1937.241144,1911.588613,3662.611383,1915.388988,1751.02277,1588.55674,2673.563796,1542.95224,2059.803237,1946.742081,1781.42577,1914.438894,1894.486926,3220.817792,2969.993044,1641.76199,2039.851268,1942.941707
2014-07,3363.327421,3082.258839,1840.239566,1918.103159,2143.147936,2569.498589,2208.667301,1882.969587,1778.518425,2328.31136,1528.785191,2527.718124,1958.934068,1893.414703,1844.03779,1741.48574,1537.331196,3390.864546,1720.595507,1536.38164,1953.236732,1791.812209,1952.287176,3391.814102,1867.77669,1939.942948,1739.586628,1941.84206,2547.6588,3307.303616,1737.687516,1792.761765,1911.456267,2029.201214,1979.824301,2203.919521,3620.657103,2030.15077,2115.610812,3649.143783,1844.03779,2863.860955,1594.304557,1811.752885,1562.969208,1562.019652,1798.459101,1606.648785,1961.782736,2563.801253,2261.842439,1502.197623,1835.491786,1948.488952,3319.647844,3359.529197,2032.999438,1788.963541,1769.022864,1804.156437,1944.690728,2019.705654,2017.806542,1979.824301,3710.864924,1877.272251,3406.057442,3532.348393,1826.945782,1542.078976,1686.411491,1768.073308,3395.612326,1979.824301,1857.331574,1709.200835,2002.613645,2612.22861,2647.362183,1883.919143,1861.129798,3256.027591,1904.809375,2034.89855,2659.706411,2033.948994,1547.776312,1962.732292,1938.043836,3722.259597,1924.750052,1753.829968,1587.657665,2674.899307,1550.62498,2120.358592,1969.379185,1798.459101,1940.892504,1897.212927,3235.137359,2978.757233,1637.034578,2058.63745,1940.892504
2014-08,3413.478207,3106.27468,1872.705096,1892.678081,2185.615191,2585.074887,2239.827578,1908.846688,1791.862063,2335.888124,1547.430773,2530.862499,1995.396288,1903.140121,1866.047435,1750.013904,1559.795001,3467.690595,1735.747486,1552.186245,1975.423304,1819.443804,1988.738627,3487.663579,1899.335743,1959.254697,1738.60077,1959.254697,2544.177822,3337.390646,1755.720471,1806.12848,1925.966389,2064.826188,2029.635691,2215.099121,3712.121885,2070.532755,2145.669221,3744.459098,1854.6343,2900.838265,1618.762861,1825.150371,1578.816892,1583.572364,1805.177386,1622.567239,2000.151761,2572.710658,2266.458225,1516.044654,1859.389773,2006.809423,3357.363631,3415.380396,2065.777282,1787.10659,1767.133605,1820.394898,1981.129871,2061.972904,2052.461959,2024.880218,3792.964918,1888.873703,3451.521988,3597.990543,1858.438679,1555.990623,1686.290572,1785.204401,3438.206665,1992.543005,1877.460569,1708.165745,2079.092606,2613.607722,2664.966826,1887.922608,1898.384648,3287.933732,1944.988279,2041.99992,2676.37996,2120.940764,1567.403758,1989.689721,1990.640816,3878.563424,1938.330618,1759.524849,1611.154105,2685.890905,1564.550474,2162.788923,2006.809423,1835.61241,1966.863453,1920.259822,3253.694329,3018.773984,1651.100075,2093.359023,1953.54813
2014-09,3483.872546,3126.259639,1885.076545,1902.196312,2240.787256,2599.351261,2253.151532,1924.07157,1800.428809,2366.332212,1565.507565,2548.943058,2050.567625,1912.658392,1889.832036,1767.140374,1578.822939,3542.840631,1750.971705,1576.920743,2009.670404,1870.810073,2021.083582,3609.417502,1948.800122,1984.941852,1757.629392,1962.115496,2560.356236,3381.153945,1777.602454,1822.304067,1929.778159,2111.437906,2098.122532,2262.662513,3789.175054,2114.291201,2176.112581,3813.903606,1894.587527,2954.110873,1619.72016,1842.277128,1582.627332,1594.991608,1811.841987,1625.426749,2044.861036,2587.938083,2256.955924,1534.121326,1895.538625,2081.002765,3411.589086,3454.388503,2113.340103,1791.868926,1776.651356,1831.815049,2025.839072,2106.682416,2083.85606,2078.149471,3873.82279,1897.440821,3480.068153,3672.189981,1897.440821,1564.556467,1698.661307,1798.526613,3453.437405,2012.523698,1907.902901,1726.243153,2155.188422,2613.617733,2676.390211,1891.734232,1950.702318,3325.990252,1983.990754,2072.442882,2693.509978,2209.401017,1580.725135,2032.49676,2037.25225,4087.819875,1960.2133,1769.04257,1622.573454,2693.509978,1575.018546,2206.547722,2052.469821,1874.614466,2014.425895,1960.2133,3278.435344,3083.460222,1681.54154,2153.286225,1987.795146
2014-10,3579.242937,3198.918587,1897.808971,1952.141021,2281.946096,2620.329916,2271.460964,1933.077144,1807.255555,2417.299624,1585.161386,2576.482998,2085.588161,1920.685624,1921.638818,1802.489585,1612.804008,3609.74514,1766.268219,1605.178457,2032.209305,1917.826042,2048.413601,3741.285893,1975.017674,1997.894326,1783.425708,1961.67296,2593.640488,3466.766061,1795.817228,1832.991789,1960.719766,2140.873405,2145.639374,2362.01438,3958.614092,2153.264925,2203.7842,3952.894929,1939.749501,3007.326622,1630.914691,1873.025931,1589.927355,1614.710395,1811.06833,1639.493436,2068.430672,2615.563946,2266.694994,1553.705988,1915.919655,2134.201048,3469.625643,3523.004499,2144.68618,1792.957647,1781.519321,1842.523727,2052.226376,2106.558426,2112.277589,2091.307324,4030.103631,1911.153685,3569.710998,3787.039198,1944.51547,1584.208192,1710.982975,1809.161942,3498.221459,2016.958203,1950.234633,1737.672403,2162.796864,2628.90866,2698.491812,1923.545205,1965.485735,3393.370134,1989.315582,2083.681774,2710.883332,2212.362944,1591.833743,2052.226376,2060.805121,4268.402096,1983.596418,1778.659739,1636.633854,2699.445006,1597.552906,2185.673516,2073.196641,1919.73243,2027.443336,2002.660296,3319.021013,3127.429048,1724.327689,2184.720322,2018.864591
2014-11,3665.510725,3268.230247,1916.519319,2058.200068,2311.885192,2630.666877,2294.65375,1938.537273,1814.087967,2495.687245,1611.139867,2615.35004,2102.235976,1942.366483,1954.811413,1843.76434,1650.389264,3683.69947,1781.539687,1646.560054,2045.755137,1954.811413,2063.943882,3863.672313,2012.249555,2003.633833,1823.66099,1976.829367,2642.154506,3566.908583,1814.087967,1851.422759,1996.932717,2162.546025,2173.076351,2501.431059,4098.211391,2174.990955,2224.770678,4094.382181,1969.170949,3077.727078,1655.175775,1896.415969,1597.737634,1643.688147,1814.087967,1656.133078,2081.175324,2645.983715,2289.867238,1581.463494,1950.982204,2168.289839,3513.299651,3583.182723,2161.588722,1801.643036,1793.027315,1859.081178,2071.602301,2124.25393,2135.741559,2122.339326,4180.539394,1935.665366,3681.784866,3901.007105,1994.06081,1619.755588,1739.418383,1827.4902,3547.762536,2060.114673,1995.018112,1754.735221,2174.990955,2657.471343,2735.970137,1970.128251,2010.33495,3479.794068,2014.164159,2125.211233,2742.671253,2231.471794,1604.438751,2094.577557,2073.516906,4370.08526,2015.121462,1791.11271,1657.09038,2716.82409,1622.627495,2196.051607,2086.919139,1966.299042,2064.901184,2048.627044,3388.850344,3174.414616,1787.283501,2216.154957,2061.071975
2014-12,3732.109629,3343.408342,1933.885113,2156.137581,2341.829038,2652.59764,2324.510663,1948.317092,1820.353549,2552.535923,1624.078642,2654.521904,2091.674744,1956.014147,1975.256785,1877.119331,1665.450314,3754.238662,1778.019746,1656.791127,2050.303073,1963.711202,2066.659315,3964.945548,2013.742061,2004.120742,1836.709792,1991.613027,2667.029619,3665.722528,1822.277813,1855.952429,2037.795358,2167.683164,2169.607428,2593.907595,4228.569688,2180.190879,2249.464375,4223.759028,1973.332521,3083.63273,1676.995897,1927.15019,1610.608796,1651.980467,1807.845835,1662.563918,2087.826217,2661.256827,2308.154421,1592.32829,1955.052015,2168.645296,3559.888019,3632.047912,2162.872505,1802.073043,1792.451724,1868.460144,2066.659315,2157.099713,2150.36479,2155.175449,4282.449074,1951.203487,3811.966576,3994.771637,2033.94683,1632.737829,1760.701372,1836.709792,3587.789844,2114.76591,2030.098303,1771.284823,2178.266615,2690.120784,2776.712655,1997.385818,2065.697183,3557.963755,2058.000128,2176.342351,2756.507885,2246.57798,1612.53306,2138.819207,2075.318502,4437.352309,2026.249775,1795.33812,1665.450314,2743.038039,1629.851434,2224.448946,2090.712612,2003.15861,2107.068855,2076.280634,3451.167115,3224.103987,1813.618626,2222.524682,2114.76591
2015-01,3748.976712,3373.214114,1935.51374,2239.199113,2352.600613,2658.208046,2335.302079,1936.474769,1827.878418,2598.624207,1625.101159,2690.883054,2082.551278,1967.227719,1965.305659,1870.163723,1667.386464,3776.846572,1773.099727,1662.581316,2047.95421,1942.240947,2063.330685,3994.039276,2035.460825,2006.629935,1821.15121,2003.746846,2668.779372,3692.275962,1827.878418,1861.514456,2030.655676,2147.901295,2165.199829,2649.558779,4250.634196,2179.615274,2259.380736,4278.504056,1957.617422,3056.074326,1682.762939,1923.981384,1608.763655,1653.932049,1813.462973,1659.698227,2071.018922,2661.091135,2307.432219,1597.231299,1956.656392,2158.472621,3580.796521,3641.34139,2143.096147,1810.579884,1800.008557,1861.514456,2054.681418,2169.043948,2136.368939,2169.043948,4293.880531,1956.656392,3862.378212,4025.753255,2034.499795,1638.555574,1769.255608,1833.644595,3591.367848,2145.018206,2028.733617,1782.710023,2159.433651,2728.363211,2807.167643,1990.29243,2109.460109,3566.381076,2105.61599,2216.134401,2761.038219,2237.277054,1612.607773,2176.732185,2049.876269,4438.03498,2013.357142,1798.086498,1667.386464,2776.414694,1626.062188,2244.004261,2081.590248,2007.590964,2152.706443,2071.979952,3478.927377,3242.51408,1811.540913,2197.874837,2135.407909
2015-02,3765.216853,3394.537911,1938.64129,2279.627604,2357.211568,2655.09568,2345.717648,1923.316062,1846.689924,2620.613918,1627.347605,2710.64963,2081.357472,1962.586958,1948.219557,1862.015152,1665.660674,3805.445576,1771.021613,1662.787193,2060.285284,1929.063023,2073.694858,4027.661376,2063.158764,2021.972215,1804.545549,2009.520468,2681.914828,3708.705076,1833.28035,1874.466899,2010.478294,2140.742729,2170.435357,2669.463081,4302.557645,2187.676238,2264.302376,4320.756353,1962.586958,3029.605929,1674.281114,1919.484755,1609.148897,1656.082406,1839.985137,1656.082406,2069.863551,2666.5896,2308.362405,1603.401936,1966.418265,2149.363169,3603.344137,3634.952419,2137.869249,1845.732098,1832.322524,1853.394711,2047.833536,2182.887105,2134.995768,2180.013624,4300.641992,1966.418265,3862.915179,4059.269657,2024.845695,1640.757179,1776.768574,1832.322524,3570.778028,2159.899263,2012.393948,1799.756415,2135.953595,2763.3301,2827.50449,1974.080879,2143.616209,3567.904548,2143.616209,2243.230188,2776.739674,2222.158,1611.06455,2205.874946,2019.098735,4458.683401,2004.731334,1812.208162,1660.87154,2793.022728,1631.178911,2259.513243,2082.315299,1997.06872,2193.423199,2058.36963,3491.27841,3270.020437,1790.178148,2183.844931,2139.784902
2015-03,3782.266635,3399.736508,1949.947325,2286.573837,2345.866007,2656.671735,2359.254561,1935.602445,1872.484974,2652.846434,1642.010572,2730.308785,2090.527146,1971.942807,1964.292204,1878.222926,1676.438284,3818.606997,1781.634069,1673.569308,2074.269616,1927.951842,2085.74552,4062.469953,2111.566303,2033.147627,1795.978948,2020.715398,2708.313302,3713.411212,1834.231961,1902.131059,2010.19582,2144.081364,2171.814799,2691.099447,4324.503091,2187.116004,2246.408173,4357.974477,1998.719916,3074.585899,1660.180753,1936.55877,1620.971415,1669.744006,1874.397624,1665.918705,2080.963893,2683.448844,2327.695825,1628.622018,1991.069313,2145.03769,3646.46844,3657.944344,2139.299738,1883.004552,1870.572323,1863.878046,2055.14311,2187.116004,2141.212388,2185.203353,4312.070862,1986.287687,3838.689829,4071.076881,2014.021121,1657.311777,1790.240996,1848.576841,3577.613017,2145.03769,1994.894615,1827.537684,2129.736485,2799.164208,2852.718425,1961.423228,2152.688292,3575.700366,2164.164196,2258.840403,2801.076858,2208.155161,1622.884066,2227.281667,1999.676241,4498.554299,2006.370518,1832.31931,1672.612982,2802.989509,1652.530151,2270.316306,2092.439797,1993.938289,2216.762089,2056.099435,3500.150666,3287.846445,1792.153647,2183.290702,2109.653653
2015-04,3823.575722,3406.163133,1961.934682,2281.91916,2334.453925,2665.900534,2368.840317,1947.607019,1889.341188,2683.09373,1658.188222,2757.597579,2095.659539,1971.486457,1981.038233,1900.803319,1685.888371,3830.261964,1778.540593,1683.978016,2082.287053,1926.593113,2077.511165,4083.384014,2124.314865,2031.662643,1785.226836,2029.752288,2721.300832,3707.999238,1818.65805,1921.817225,2041.214418,2153.925369,2147.239126,2727.987075,4327.909466,2180.67034,2211.236022,4355.609615,2032.617821,3142.53413,1655.322689,1959.069149,1633.353606,1681.112483,1896.982609,1670.60553,2106.166492,2696.466216,2347.826411,1641.950204,2010.648737,2125.270043,3680.299089,3665.971426,2147.239126,1908.444739,1896.027431,1877.879058,2067.95939,2181.625518,2151.059836,2181.625518,4315.492158,1997.276251,3823.575722,4086.249547,1995.365896,1678.24695,1791.913079,1861.64104,3587.646867,2122.40451,1974.35199,1845.403021,2135.776996,2794.849503,2844.518736,1964.800215,2147.239126,3591.467578,2172.073742,2254.219011,2832.101428,2195.953181,1634.308783,2227.47404,2011.603914,4534.227817,2024.9764,1839.671956,1679.202128,2789.118438,1673.471063,2265.681142,2112.852734,1995.365896,2209.325667,2064.13868,3509.322309,3302.048781,1792.868256,2204.549779,2082.287053
2015-05,3812.118223,3403.133483,1951.713222,2296.972432,2314.092724,2668.863207,2358.795707,1950.762095,1891.792202,2707.859426,1667.326159,2764.927064,2092.480063,1959.32224,1987.856059,1909.863621,1691.104341,3792.14455,1765.292271,1693.006596,2074.408644,1930.788421,2059.190607,4040.388775,2114.35599,2017.341006,1774.803544,2042.070316,2711.663936,3678.960401,1800.483981,1925.081658,2058.23948,2166.667992,2118.1605,2756.366919,4242.027763,2159.058974,2180.934902,4281.97511,2048.728207,3194.836605,1649.25474,1967.882386,1638.79234,1679.690814,1896.547838,1673.98405,2116.258245,2704.054917,2347.382179,1645.450231,2011.634242,2101.991336,3655.182218,3677.058146,2163.81461,1887.036565,1877.525292,1880.378674,2067.750753,2148.596573,2156.205592,2154.303337,4238.223254,1985.953805,3808.313714,4062.264703,1959.32224,1688.25096,1781.461435,1865.160638,3612.38149,2078.213153,1941.250822,1846.138092,2127.671773,2766.829319,2819.141321,1956.468858,2105.795845,3575.287525,2149.547701,2214.224357,2832.457103,2173.325883,1644.499104,2194.250684,2016.389878,4509.294535,2029.705661,1825.213291,1677.788559,2768.731574,1674.935177,2229.442394,2118.1605,1985.002677,2169.521374,2062.043989,3492.53945,3251.904243,1781.461435,2228.491267,2043.021443
2015-06,3841.697979,3427.713719,1941.738104,2350.025333,2298.752053,2678.554128,2341.479787,1944.586619,1902.808391,2736.473944,1673.977642,2796.292771,2088.911408,1954.081671,1992.061879,1923.697505,1703.412302,3776.182122,1769.877665,1707.210323,2070.870809,1946.48563,2043.335159,4011.659408,2100.30547,2017.698519,1779.372717,2057.577736,2685.200664,3684.080119,1813.554904,1938.889588,2064.224273,2181.01341,2095.557944,2790.595739,4233.843621,2143.033203,2162.972812,4271.823828,2064.224273,3225.469114,1653.088527,1970.223259,1643.593476,1686.321209,1905.656907,1680.624178,2124.043099,2702.291757,2343.378797,1635.997434,2013.900498,2083.214376,3642.301891,3676.484077,2186.710442,1870.525215,1866.727194,1889.515319,2074.66883,2113.598542,2160.124296,2128.790625,4220.550548,1972.12227,3827.455402,4071.478234,1918.000474,1695.816261,1781.271727,1872.424225,3614.76624,2054.729221,1905.656907,1854.383627,2115.497553,2736.473944,2785.848213,1950.28365,2070.870809,3578.685043,2109.800522,2160.124296,2839.020504,2150.629245,1646.441991,2146.831224,2029.092581,4516.796166,2038.587633,1824.948966,1672.078631,2755.464048,1671.129126,2180.063905,2123.093594,1962.627218,2114.548048,2060.426252,3497.977102,3194.135443,1753.736077,2247.478773,2031.941096
2015-07,3840.597705,3458.439221,1941.212999,2409.879996,2279.641905,2694.122252,2330.976627,1952.620714,1911.743066,2765.420476,1671.230388,2829.113557,2091.414592,1961.176501,2002.05415,1937.410427,1709.256107,3756.941122,1795.76462,1715.910608,2069.549803,1962.127144,2038.178584,3996.503157,2102.822308,2026.770868,1811.925551,2059.09273,2674.158749,3698.951899,1837.592912,1953.571357,2076.204304,2195.034679,2100.921022,2835.768058,4282.646698,2140.848028,2167.466032,4294.054414,2078.10559,3249.297761,1646.51367,1979.238718,1644.612384,1686.440676,1906.039208,1691.19389,2131.341598,2705.529968,2345.236272,1638.908526,2024.869582,2086.661377,3616.245958,3686.59354,2210.244966,1858.507058,1860.408344,1902.236636,2080.006876,2066.697874,2167.466032,2090.463949,4245.571622,1974.485503,3831.091275,4066.850738,1899.384707,1694.045819,1801.468478,1886.075705,3634.308175,2024.869582,1887.976991,1877.519918,2071.451089,2735.950543,2778.729478,1942.163642,2021.06701,3581.072167,2047.685014,2086.661377,2845.274488,2103.772951,1642.711098,2080.006876,2008.708651,4529.813878,2022.017653,1833.79034,1656.970743,2750.210188,1673.131674,2112.328738,2128.489669,1947.867499,2045.783728,2058.142087,3496.464941,3113.355813,1723.515752,2274.88869,2027.721511
2015-08,3864.075612,3480.233333,1965.766521,2459.820939,2287.851998,2713.498881,2324.906079,1975.267568,1936.313277,2780.006206,1672.184184,2844.613323,2113.982847,1989.519137,2028.473428,1977.167777,1707.338056,3758.613996,1831.801765,1713.038684,2085.479707,1979.067986,2053.176149,3988.539321,2127.284312,2055.076358,1849.853754,2080.729184,2658.392811,3719.659705,1870.756056,1978.117882,2103.531695,2208.043207,2126.334207,2866.465729,4354.329612,2170.039021,2189.991219,4346.728774,2089.280126,3240.806962,1645.581254,2005.670916,1654.132196,1684.535545,1935.363172,1702.587533,2151.987033,2688.79616,2346.758486,1644.631149,2055.076358,2106.382009,3613.247984,3702.557822,2227.995405,1894.508672,1894.508672,1930.612649,2099.731277,2037.974475,2184.290591,2054.126254,4305.874274,1997.119975,3852.674356,4092.100728,1887.85794,1694.036591,1816.600091,1902.10951,3642.701229,2009.471335,1884.057521,1896.408882,2025.623114,2724.900137,2755.303485,1940.113696,1991.419347,3589.495368,2012.321649,2053.176149,2838.912695,2057.926672,1642.73094,2051.27594,1975.267568,4553.851588,2003.770707,1868.855847,1652.231987,2731.550869,1687.385859,2077.87887,2143.436091,1933.462963,2013.271754,2041.774893,3491.634589,3087.840113,1710.18837,2285.001684,2021.822695
2015-09,3830.50812,3453.146181,1983.520541,2468.02293,2308.734473,2718.333361,2321.060366,2000.587162,1956.02432,2776.170241,1664.943628,2826.421957,2129.53496,2016.705636,2044.201858,1993.001997,1692.43985,3747.071309,1851.728306,1699.076869,2087.816554,1982.572396,2060.320333,3942.389298,2142.808998,2067.905497,1882.068965,2098.246156,2656.703899,3705.352904,1886.809693,1992.053851,2128.586814,2224.349517,2142.808998,2866.244071,4353.884477,2191.164422,2214.868061,4338.714148,2081.179535,3230.331971,1630.810388,2032.824111,1662.099192,1668.736211,1958.868756,1711.402761,2171.253365,2672.822374,2344.764005,1647.877008,2068.853643,2121.00165,3587.782853,3712.938069,2242.364283,1932.32068,1927.579952,1951.283592,2110.572048,2028.083383,2203.490315,2033.772257,4322.595673,2012.913054,3809.648917,4077.025969,1901.031876,1683.90654,1817.595066,1912.409623,3658.893771,2010.068617,1901.980022,1900.083731,1989.209415,2722.125944,2744.881437,1939.905845,1982.572396,3576.405106,1989.209415,2052.735168,2818.836792,2019.550073,1641.239989,2048.942586,1946.542864,4506.535914,1981.62425,1896.291148,1655.462173,2724.97038,1692.43985,2070.749934,2155.13489,1923.78737,2016.705636,2034.720402,3463.575783,3067.250933,1705.713888,2317.267783,2016.705636
2015-10,3771.391331,3420.078443,2024.321832,2534.200268,2336.705455,2735.493058,2334.806466,2013.877395,1989.190544,2837.088947,1687.251358,2847.533384,2167.695471,2050.907673,2074.64503,2017.675372,1702.443267,3673.593419,1886.64516,1707.190739,2108.826824,1998.685486,2088.887444,3791.330711,2171.493448,2105.978342,1901.837069,2136.362159,2678.5234,3606.179324,1923.675437,2015.776384,2137.311653,2246.503497,2169.594459,2900.705065,4215.75466,2224.665128,2251.250968,4211.007189,2080.341996,3220.684641,1650.221081,2060.402616,1695.796807,1684.402876,2005.331947,1731.87759,2200.927771,2670.927446,2361.392306,1675.857427,2097.432893,2147.75609,3519.775344,3642.260107,2267.392371,1984.443072,1973.998635,1968.301669,2137.311653,2034.76627,2228.463105,2031.917787,4222.40112,2035.715764,3722.017628,3989.775019,1910.382517,1703.392761,1823.029042,1925.574426,3615.674267,2016.725878,1913.231,1900.887574,1984.443072,2736.442552,2751.634461,1947.412795,1986.342061,3516.926861,2015.776384,2080.341996,2798.159681,2015.776384,1669.210967,2095.533904,1949.311783,4312.603078,1985.392566,1931.271392,1690.099841,2755.432438,1714.786693,2099.331882,2177.190414,1926.52392,2046.160201,2032.867281,3402.038051,3094.4019,1730.928096,2339.553938,2006.281441
2015-11,3730.18458,3397.217326,2066.299645,2548.626496,2339.332793,2738.893498,2358.359493,2009.219544,2007.316874,2862.567049,1708.597681,2858.761709,2195.681206,2082.47234,2094.839695,2025.392239,1723.819041,3617.927048,1919.794053,1732.381056,2126.233751,2007.316874,2111.01239,3693.082514,2189.973196,2130.039091,1909.329368,2144.309116,2686.570072,3525.647552,1958.798789,2030.148914,2143.357781,2261.323322,2188.070526,2903.474455,4145.91798,2249.907302,2268.934002,4126.89128,2081.521005,3217.415009,1669.592945,2074.86166,1717.159696,1713.354356,2027.294909,1753.310426,2212.805237,2673.251382,2388.802214,1699.08433,2111.963725,2169.995161,3463.810777,3585.581658,2287.009367,2010.170879,1993.998184,1970.214809,2155.725136,2036.808259,2244.199292,2033.002919,4183.020045,2044.41894,3670.250474,3935.672942,1924.550728,1725.721711,1841.784582,1930.258738,3600.803018,2014.927554,1921.696723,1907.426698,1990.192844,2751.260853,2763.628208,1963.555464,1991.144179,3461.908107,2042.51627,2108.158385,2787.411584,2025.392239,1693.37632,2140.503776,1964.506799,4179.214705,1995.900854,1949.285438,1722.867706,2781.703573,1733.332391,2127.185086,2189.973196,1942.626093,2073.910325,2037.759594,3361.066595,3103.254807,1753.310426,2364.067503,1998.754859
2015-12,3717.808441,3396.846561,2107.26758,2564.829307,2340.34704,2767.34097,2380.467275,2013.653698,2025.116623,2898.209355,1726.125348,2881.970212,2225.717798,2108.222824,2125.41721,2044.221496,1741.409247,3582.163837,1949.652371,1752.872171,2142.611596,2028.937597,2134.014403,3641.388946,2223.80731,2149.298302,1920.99506,2147.387815,2697.60818,3485.684224,1992.638337,2050.908202,2151.20879,2268.703764,2215.210117,2932.598128,4108.50311,2275.390469,2280.166688,4076.024825,2094.849412,3227.768428,1695.55755,2099.62563,1744.274978,1728.991079,2046.131984,1768.15607,2215.210117,2687.1005,2415.811292,1719.438642,2135.924891,2196.105243,3441.743015,3557.327501,2296.405831,2025.116623,2006.011749,1977.354438,2175.089882,2036.579547,2248.643646,2031.803328,4144.802371,2057.594908,3633.746996,3901.21523,1932.457985,1739.498759,1867.501414,1944.876153,3594.582005,2014.608942,1925.771279,1938.189447,2006.011749,2769.251457,2778.803894,1984.041144,1996.459312,3439.832527,2068.102589,2119.685748,2795.043037,2036.579547,1718.483398,2161.71647,1987.862119,4108.50311,2018.429917,1964.93627,1744.274978,2808.416448,1751.916927,2139.745865,2190.373781,1963.025783,2083.386488,2036.579547,3345.263402,3114.094429,1771.021801,2368.049107,2000.280287
2016-01,3727.342327,3409.736136,2125.004786,2514.143903,2338.649791,2783.107704,2381.569547,2022.951145,2032.488868,2857.501947,1731.096807,2847.010452,2222.289565,2121.189697,2152.664184,2068.732218,1751.126027,3610.028328,1957.140853,1763.525067,2140.265144,2038.211503,2131.681192,3685.376343,2233.734833,2141.218916,1929.481455,2131.681192,2690.591787,3526.096362,2000.060609,2063.963356,2165.063225,2266.163093,2210.844297,2909.959426,4188.01437,2268.070638,2260.440459,4143.187069,2100.206705,3211.351488,1713.928905,2120.235924,1756.848661,1725.374173,2051.564315,1774.016563,2202.260346,2692.499332,2426.396847,1716.790222,2143.126461,2190.815078,3460.28607,3596.675515,2288.099857,2029.627551,2010.552105,1992.43043,2174.600948,2036.303958,2241.365012,2030.581324,4217.581312,2061.102039,3666.300897,3956.24769,1928.527683,1742.542075,1877.977749,1965.724804,3642.456588,2015.320966,1923.758821,1963.81726,2025.812462,2767.847347,2778.338843,1991.476658,1994.337975,3455.517208,2082.08503,2127.866103,2801.229379,2050.610543,1733.958124,2158.386818,2006.737015,4218.535085,2031.535096,1970.493666,1747.310937,2795.506745,1759.709978,2139.311371,2177.462265,1978.123845,2086.853892,2032.488868,3377.307876,3119.789342,1782.600514,2352.956377,1999.106836
2016-02,3753.040732,3432.276155,2128.277727,2494.72984,2337.678934,2797.409767,2377.655529,2035.950831,2033.09536,2832.627243,1734.222727,2826.916301,2215.845505,2118.75949,2161.591555,2078.782896,1757.066495,3619.785418,1964.564056,1766.584732,2136.84414,2037.854478,2129.229551,3734.004259,2226.315565,2128.277727,1932.202051,2123.518609,2679.383632,3549.350467,1991.215118,2066.409188,2176.820734,2262.484864,2196.809031,2895.447605,4290.821106,2245.352038,2235.833802,4234.663509,2100.67484,3191.464767,1730.415433,2130.181374,1764.681085,1720.897196,2049.276362,1773.247498,2193.95356,2690.805516,2429.054007,1714.23443,2152.073319,2183.4835,3460.830865,3608.363534,2277.714043,2026.432594,2001.685179,2009.299768,2166.350674,2029.288065,2232.978331,2027.384418,4307.953932,2059.746423,3742.570672,4016.695889,1916.972872,1741.837317,1882.70722,1982.648705,3657.858365,2016.914357,1916.021048,1968.37135,2039.758126,2767.903233,2772.662352,1989.311471,1986.456,3454.1681,2083.542014,2109.241253,2797.409767,2054.987304,1746.596435,2136.84414,2024.528947,4307.002108,2037.854478,1972.178645,1749.451906,2785.036059,1761.825614,2121.614961,2172.061616,1981.696882,2068.312836,2014.058886,3385.636795,3110.559755,1787.524853,2331.967992,1995.022413
2016-03,3792.381717,3471.444055,2125.025108,2498.186354,2338.667043,2798.234582,2375.698311,2041.467374,2036.719775,2822.922094,1736.671547,2813.426897,2208.582843,2121.227029,2159.207818,2087.04432,1758.510501,3640.458563,1966.455317,1767.056178,2139.267904,2039.568334,2123.126069,3789.533158,2213.330441,2115.529911,1935.121166,2125.025108,2665.301823,3570.194105,1996.839948,2064.255847,2181.046771,2258.907387,2191.491488,2890.337993,4396.276252,2219.977079,2212.380921,4309.869958,2106.034714,3178.042465,1743.318185,2133.570786,1775.601855,1723.378271,2048.114012,1772.753296,2195.289567,2683.342697,2430.770454,1705.337397,2159.207818,2183.89533,3468.595496,3611.023452,2271.251143,2030.073137,2002.537066,2024.376019,2163.955416,2020.57794,2224.724678,2022.47698,4380.134417,2062.356807,3822.766347,4102.874662,1902.837496,1744.267705,1878.149984,1998.738987,3662.297517,2014.880822,1899.988937,1953.162041,2042.416894,2763.102353,2769.74899,1973.101955,1967.404837,3467.645976,2071.852005,2087.99384,2797.285062,2057.609209,1759.46002,2111.731832,2026.275059,4380.134417,2030.073137,1982.597152,1749.964823,2779.244188,1759.46002,2102.236635,2173.450613,1975.000994,2041.467374,1994.940908,3398.331038,3083.090494,1786.046572,2326.323286,1978.799073
2016-04,3828.34084,3491.741843,2123.59929,2496.127394,2333.500912,2791.124267,2365.648007,2039.449541,2028.103507,2812.870832,1727.433617,2800.579295,2203.021525,2109.416748,2138.727335,2074.433145,1740.670656,3666.659861,1970.427837,1748.234678,2145.345855,2044.177055,2125.490296,3845.35989,2206.803537,2108.471245,1930.716719,2133.054318,2648.353345,3576.837095,2007.302446,2049.850072,2163.310408,2252.187671,2200.185017,2874.328514,4452.372688,2211.531051,2204.912531,4355.931403,2097.125212,3187.289941,1737.834148,2125.490296,1775.65426,1717.978589,2034.722027,1759.580712,2195.457503,2669.154406,2424.269181,1685.831494,2161.419402,2196.403006,3462.431256,3610.875196,2266.370213,2018.648479,1986.501384,2013.920965,2163.310408,1998.792921,2218.14957,2010.138954,4405.097548,2050.795575,3865.215449,4144.138775,1880.60507,1735.943142,1869.259037,1988.39239,3652.477319,1995.956412,1870.20454,1917.47968,2029.04901,2747.631139,2764.650189,1939.226244,1947.735769,3469.995278,2051.741077,2050.795575,2780.723737,2053.632083,1760.526215,2085.779178,2009.193451,4401.315537,2007.302446,1983.664876,1740.670656,2767.486697,1746.343673,2072.542139,2177.49295,1945.844764,2015.811971,1948.681272,3400.028071,3021.826951,1765.253729,2312.69985,1953.408786
2016-05,3831.496491,3496.723846,2119.912407,2515.03843,2333.035274,2783.799567,2352.838726,2036.926512,2026.553276,2837.551794,1718.185234,2815.862299,2194.411109,2111.425214,2129.342623,2065.217158,1721.014299,3687.214196,1976.573134,1729.501493,2149.146075,2051.071835,2115.1973,3882.419654,2214.214561,2101.994998,1933.194144,2138.772838,2635.745186,3574.994634,2020.895146,2047.299749,2146.31701,2253.821465,2214.214561,2905.449345,4439.74538,2214.214561,2201.012259,4349.215313,2086.906654,3196.842999,1725.729406,2118.026364,1769.108397,1711.584083,2030.325362,1748.361923,2198.183195,2662.149789,2416.96419,1669.148114,2165.177441,2208.556432,3469.376222,3618.373624,2273.624917,2024.667233,1996.376587,2017.12306,2167.063484,2002.034716,2211.385496,2016.180039,4384.107109,2043.527663,3823.009297,4129.491295,1892.644218,1732.330557,1862.467529,1989.775436,3655.151464,1990.718457,1875.66983,1896.416304,2032.211405,2730.990361,2765.882158,1925.649972,1947.339467,3479.749459,2035.040469,2043.527663,2773.42633,2063.331115,1756.849117,2081.248525,2000.148673,4414.283799,2000.148673,1993.547522,1736.102643,2765.882158,1730.444514,2065.217158,2184.980893,1959.598747,2014.293996,1931.308101,3402.421693,2972.403874,1756.849117,2312.2888,1948.282488
2016-06,3805.175788,3459.079721,2111.374109,2532.708452,2335.207979,2775.351891,2340.85085,2037.076312,2020.1477,2849.649688,1709.789813,2830.840119,2190.374298,2110.433631,2122.65985,2050.24301,1706.027899,3683.854069,1975.004734,1715.432684,2148.052768,2047.421575,2102.909803,3890.759327,2217.648173,2101.028846,1938.326075,2135.826549,2624.87534,3559.710914,2013.564351,2044.600139,2139.588462,2264.672096,2216.707695,2918.304615,4398.617687,2220.469609,2196.957647,4325.260368,2073.754971,3188.221928,1705.087421,2115.136023,1753.051821,1699.44455,2022.969135,1739.885123,2200.719561,2652.149215,2401.04147,1659.944455,2163.100423,2214.826738,3458.139242,3619.901535,2290.065014,2022.969135,1992.873825,2016.385786,2162.159945,2022.969135,2212.945781,2032.37392,4372.284291,2033.314398,3750.628039,4082.61693,1926.099855,1722.016033,1866.849713,1978.766648,3651.877802,2000.397652,1906.349808,1889.421196,2037.076312,2722.685098,2765.006628,1923.27842,1970.302342,3473.186897,2035.195355,2063.409708,2755.601844,2069.993057,1750.230386,2096.326454,1996.635739,4414.605821,1999.457174,1994.754782,1737.063688,2759.363758,1712.611248,2082.219277,2195.076691,1990.05239,2044.600139,1932.683204,3385.722402,2948.399925,1765.278041,2333.327022,1961.838036
2016-07,3782.929874,3431.926679,2098.49095,2542.655851,2342.217029,2763.797274,2335.629838,2039.206228,2029.795955,2858.841034,1707.02358,2838.138433,2191.652656,2116.370469,2125.780743,2044.852392,1702.318443,3668.12454,1973.334315,1714.551799,2143.660262,2042.02931,2087.198622,3885.501853,2220.824503,2096.608895,1946.98555,2138.014098,2616.055983,3557.083314,2008.152326,2055.203693,2139.896153,2281.99128,2212.355257,2924.712947,4372.012984,2212.355257,2186.947519,4291.084633,2074.965267,3167.497999,1694.790225,2122.957661,1744.664673,1695.731252,2036.383146,1742.782619,2208.591148,2644.286802,2384.563259,1662.795295,2163.421836,2217.060394,3465.803663,3620.132146,2308.340045,2036.383146,2003.44719,2033.560064,2158.716699,2049.557529,2217.060394,2046.734447,4373.895038,2030.736982,3705.765633,4062.414992,1965.806096,1721.13899,1881.113636,1984.626643,3653.068102,2026.972873,1948.867604,1905.580347,2040.147255,2715.80488,2762.856246,1935.693222,2001.565135,3480.860101,2041.088283,2102.255059,2745.917754,2060.849857,1750.310837,2118.252524,2001.565135,4411.536132,2010.975408,2008.152326,1752.192892,2761.915219,1704.200498,2106.960196,2201.062929,2019.444654,2076.847321,1953.572741,3372.641957,2957.648904,1790.775013,2377.976068,1988.390752
2016-08,3738.142732,3391.479081,2086.558183,2533.744898,2335.517173,2746.064641,2328.00143,2035.826917,2027.371706,2843.769301,1695.739541,2816.524733,2172.049761,2110.04488,2127.89477,2042.403192,1695.739541,3638.559136,1968.185228,1716.407834,2126.015834,2034.887449,2063.071485,3849.939411,2200.233797,2078.102972,1960.669485,2124.136898,2606.083925,3538.036072,2007.64288,2048.039999,2131.652641,2281.028036,2188.020715,2900.137375,4314.976016,2179.565504,2161.715614,4237.000182,2080.921375,3143.459558,1678.829119,2130.713173,1735.197192,1676.950183,2037.705852,1736.13666,2200.233797,2628.631155,2367.459082,1656.281889,2140.107852,2197.415394,3448.786622,3600.98042,2305.454201,2035.826917,1999.187669,2029.250641,2141.04732,2059.313614,2206.810072,2046.161063,4345.978457,2017.037559,3655.469558,4019.043631,1968.185228,1707.013155,1892.088329,1978.519375,3639.498604,2046.161063,1953.153742,1928.727577,2030.190109,2692.514971,2748.883045,1924.969706,2014.219155,3464.757576,2035.826917,2126.955302,2730.093687,2038.64532,1738.015596,2128.834238,1992.611394,4371.34409,2004.824476,2007.64288,1746.470807,2745.125173,1690.102733,2117.560623,2187.081247,2001.066605,2088.437118,1961.608953,3348.263558,2934.897687,1794.383669,2416.311412,2001.066605